{
  "campaignOverviewText": {
    "row": 15.4,
    "height": 0.6,
    "width": 5
  },
  "campaignTitle": {
    "row": 14.8,
    "height": 0.6
  },
  "crmOverview": {
    "row": 4.2,
    "height": 0.6,
    "width": 5
  },
  "crmUseageTable": {
    "row": 7.2,
    "height": 7,
    "width": 12
  },
  "customertitle": {
    "row": 16,
    "height": 0.6
  },
  "dynamicPricingStatistic": {
    "row": 2.2,
    "col": 4,
    "height": 0.8,
    "width": 2
  },
  "dynamicPricingTable": {
    "subcontainer": "promoCodeSplitFrame",
    "row": 18,
    "height": 8,
    "width": 12
  },
  "emailStatistics": {
    "row": 17.4,
    "height": 0.6
  },
  "emailStatistics_delivered": {
    "row": 18,
    "col": 2,
    "height": 0.8,
    "width": 2
  },
  "emailStatistics_hardBounced": {
    "row": 21.8,
    "height": 0.8,
    "width": 2
  },
  "emailStatistics_opened": {
    "row": 19.4,
    "col": 4,
    "height": 0.8,
    "width": 2
  },
  "emailStatistics_sent": {
    "row": 18,
    "height": 0.8,
    "width": 2
  },
  "emailStatistics_softBounced": {
    "row": 21.8,
    "col": 2,
    "height": 0.8,
    "width": 2
  },
  "fetchCRMLink": {
    "row": 6.6,
    "height": 0.6,
    "width": 2
  },
  "hideLink": {
    "row": 3.6,
    "height": 0.6
  },
  "moovsStatisticsTitle": {
    "row": 16.8,
    "col": 6,
    "height": 0.6
  },
  "moovsStatistics_totalQuotes": {
    "row": 18.4,
    "col": 6,
    "height": 0.8,
    "width": 2
  },
  "moovsStatistics_totalQuotesAmount": {
    "row": 19.4,
    "col": 8,
    "height": 0.8,
    "width": 2
  },
  "moovsStatistics_totalRequests": {
    "row": 17.6,
    "col": 6,
    "height": 0.8,
    "width": 2
  },
  "moovsStatistics_totalReservations": {
    "row": 19.2,
    "col": 6,
    "height": 0.8,
    "width": 2
  },
  "moovsStatistics_totalReservationsAmount": {
    "row": 20.2,
    "col": 8,
    "height": 0.8,
    "width": 2
  },
  "overviewnotestext": {
    "row": 25.6,
    "col": 9,
    "height": 0.6
  },
  "pocketFlowCampaignsByOperatorTable": {
    "row": 25.4,
    "height": 7.8,
    "width": 9
  },
  "pocketFlowsrequestTable": {
    "row": 34.4,
    "height": 9.2,
    "width": 10
  },
  "pocketflowsCustomersTable": {
    "row": 44.6,
    "height": 14,
    "width": 12
  },
  "promoCodeStatistic": {
    "row": 2.2,
    "height": 0.8,
    "width": 2
  },
  "promoCodeTable": {
    "subcontainer": "promoCodeSplitFrame",
    "row": 1.6,
    "height": 8,
    "width": 12
  },
  "showLink": {
    "row": 3,
    "height": 0.6
  },
  "totalCustomersEnrolledStatistic": {
    "row": 16.6,
    "height": 0.8,
    "width": 2
  },
  "totalCustomersFinished": {
    "row": 17,
    "col": 4,
    "height": 0.8,
    "width": 2
  },
  "totalCustomersStartedStatistic": {
    "row": 16.6,
    "col": 2,
    "height": 0.8,
    "width": 2
  },
  "zoneBasedStatistic": {
    "row": 2.2,
    "col": 2,
    "height": 0.8,
    "width": 2
  },
  "zoneTable": {
    "subcontainer": "promoCodeSplitFrame",
    "row": 9.6,
    "height": 8,
    "width": 12
  }
}
