{
  "bankAccountBalance": {
    "row": 0.6,
    "height": 0.8,
    "width": 4
  },
  "bankAccountSelect": {
    "row": 1.2,
    "col": 4,
    "height": 0.2,
    "width": 4
  },
  "bankAccountTransactionsTable": {
    "row": 30.6,
    "height": 11.8,
    "width": 12
  },
  "createdDateFilter": {
    "row": 22.4,
    "height": 0.2,
    "width": 12
  },
  "disputeReasonsBarChart": {
    "row": 7.6,
    "col": 6,
    "height": 7,
    "width": 6
  },
  "disputeStatusPieChart": {
    "row": 7.6,
    "height": 7,
    "width": 6
  },
  "disputesOverTimeLineChart": {
    "row": 15,
    "height": 7,
    "width": 6
  },
  "disputesSummaryTitle": {
    "row": 4,
    "height": 1,
    "width": 12
  },
  "jsonEditor4": {
    "row": 22.6,
    "height": 8,
    "width": 7
  },
  "riskLevelDistributionBarChart": {
    "row": 15,
    "col": 6,
    "height": 7,
    "width": 6
  },
  "ticketSummaryTitle": {
    "row": 42.4,
    "height": 1.2,
    "width": 12
  },
  "ticketsByAlertTypeBarChart": {
    "row": 48,
    "col": 6,
    "height": 8,
    "width": 6
  },
  "ticketsByAlertTypePieChart": {
    "row": 48,
    "height": 8,
    "width": 6
  },
  "ticketsByAlertTypeTable": {
    "row": 43,
    "width": 12
  },
  "ticketsByDateStackedChart": {
    "row": 58,
    "height": 11.6,
    "width": 12
  },
  "totalDisputedAmountStatistic": {
    "row": 5.4,
    "col": 6,
    "height": 1.6,
    "width": 6
  },
  "totalDisputesCountStatistic": {
    "row": 5.4,
    "height": 1.6,
    "width": 6
  }
}
