{
  "addMemberModalTitle": {
    "rowGroup": "header",
    "subcontainer": "addMemberModalFrame",
    "height": 0.6,
    "width": 9
  },
  "alert1": {
    "subcontainer": "deleteMemberModalFrame",
    "row": 0.2,
    "height": 2.4,
    "width": 11
  },
  "allInvoicesTitle": {
    "rowGroup": "header",
    "subcontainer": "invoicesFrame",
    "height": 0.6,
    "width": 9
  },
  "bookingEmailText": {
    "row": 15.8,
    "col": 8,
    "height": 0.6
  },
  "buttonGroup1": {
    "row": 11.6,
    "col": 5,
    "height": 1,
    "width": 4
  },
  "changePostgresPlan": {
    "row": 13.2,
    "col": 5,
    "height": 0.6,
    "width": 2
  },
  "copyMoovsFinancialSessionlink": {
    "row": 19,
    "col": 5,
    "height": 0.6
  },
  "copyOperatorIdLink": {
    "row": 13.8,
    "col": 5,
    "height": 0.6,
    "width": 2
  },
  "createHubspotNote": {
    "row": 12.6,
    "col": 5,
    "height": 1,
    "width": 2
  },
  "createMemberForm": {
    "subcontainer": "addMemberModalFrame",
    "height": 9.2,
    "width": 8,
    "stackPosition": {
      "object": {
        "ordinal": 0,
        "widthType": "fixed",
        "width": 0,
        "height": 0
      }
    }
  },
  "createMemberLink": {
    "row": 15.6,
    "col": 5,
    "height": 0.6,
    "width": 2
  },
  "customerPortalTitle": {
    "row": 10.4,
    "col": 5,
    "height": 0.6
  },
  "dailyPaymentMaximumAmountInput": {
    "subcontainer": "updatePaymentModalFrame",
    "row": 0.2,
    "height": 0.2,
    "width": 9
  },
  "databaseSubscriptionStatus": {
    "row": 10,
    "height": 0.6,
    "width": 5
  },
  "drawerCloseButton1": {
    "rowGroup": "header",
    "subcontainer": "drawerRiskOverview",
    "col": 9,
    "height": 1
  },
  "drawerCloseButton3": {
    "rowGroup": "header",
    "subcontainer": "SMSHistoryDrawerFrame",
    "col": 9,
    "height": 1
  },
  "drawerCloseButton4": {
    "rowGroup": "header",
    "subcontainer": "emailActivityFrame",
    "col": 9,
    "height": 1
  },
  "drawerCloseButton5": {
    "rowGroup": "header",
    "subcontainer": "invoicesFrame",
    "col": 9,
    "height": 1
  },
  "drawerTitle1": {
    "rowGroup": "header",
    "subcontainer": "drawerRiskOverview",
    "height": 0.6,
    "width": 9
  },
  "emailDrawerTitle": {
    "rowGroup": "header",
    "subcontainer": "emailActivityFrame",
    "height": 0.6,
    "width": 9
  },
  "emailInput": {
    "container": "createMemberForm",
    "height": 0.2,
    "width": 12
  },
  "emailLogs": {
    "subcontainer": "emailActivityFrame",
    "row": 10.8,
    "height": 15.4,
    "width": 12
  },
  "emailSearchTitle": {
    "rowGroup": "header",
    "subcontainer": "emailSearchFrame",
    "height": 0.6,
    "width": 9
  },
  "firstNameInput": {
    "container": "createMemberForm",
    "row": 2.8,
    "height": 0.2,
    "width": 12
  },
  "formButton1": {
    "container": "createMemberForm",
    "rowGroup": "footer",
    "col": 8,
    "height": 1,
    "width": 4
  },
  "fromEmail": {
    "row": 17,
    "col": 8,
    "height": 0.6
  },
  "fromTextLabel": {
    "subcontainer": "emailActivityFrame",
    "row": 10.2,
    "height": 0.6
  },
  "generalEmailText": {
    "row": 16.4,
    "col": 8,
    "height": 0.6
  },
  "html5": {
    "subcontainer": "drawerRiskOverview",
    "row": 1.4,
    "height": 0.2,
    "width": 11
  },
  "instantPayoutLimitInput": {
    "subcontainer": "updatePaymentModalFrame",
    "height": 0.2,
    "width": 9
  },
  "internalTitle": {
    "subcontainer": "emailActivityFrame",
    "row": 0.8,
    "height": 0.6
  },
  "internalemailTitle": {
    "rowGroup": "header",
    "subcontainer": "modalFrame4",
    "height": 0.6,
    "width": 9
  },
  "invoicesList": {
    "row": 19.2,
    "height": 4,
    "width": 5
  },
  "invoicesTitle": {
    "row": 18.6,
    "height": 0.6,
    "width": 5
  },
  "lagoSubs": {
    "row": 10.6,
    "height": 8,
    "width": 5
  },
  "lastNameInput": {
    "container": "createMemberForm",
    "row": 3,
    "height": 0.2,
    "width": 12
  },
  "memberRoleTitle": {
    "rowGroup": "header",
    "subcontainer": "updateMemberRoleFrame",
    "height": 0.6,
    "width": 9
  },
  "membersTable": {
    "row": 24.4,
    "height": 1,
    "width": 12
  },
  "membersTitle2": {
    "row": 23.2,
    "height": 0.6
  },
  "modalCloseButton1": {
    "rowGroup": "header",
    "subcontainer": "addMemberModalFrame",
    "col": 9,
    "height": 1
  },
  "modalCloseButton12": {
    "rowGroup": "header",
    "subcontainer": "emailSearchFrame",
    "col": 9,
    "height": 1
  },
  "modalCloseButton13": {
    "rowGroup": "header",
    "subcontainer": "matrixHistoryFrame",
    "col": 9,
    "height": 1
  },
  "modalCloseButton14": {
    "rowGroup": "header",
    "subcontainer": "modalFrame4",
    "col": 9,
    "height": 1
  },
  "modalCloseButton16": {
    "rowGroup": "header",
    "subcontainer": "updateMemberRoleFrame",
    "col": 9,
    "height": 1
  },
  "modalCloseButton2": {
    "rowGroup": "header",
    "subcontainer": "deleteMemberModalFrame",
    "col": 9,
    "height": 1
  },
  "modalCloseButton7": {
    "rowGroup": "header",
    "subcontainer": "updatePostgresPlanFrame",
    "col": 9,
    "height": 1
  },
  "modalCloseButton8": {
    "rowGroup": "header",
    "subcontainer": "updatePaymentModalFrame",
    "col": 9,
    "height": 1
  },
  "modalCloseButton9": {
    "rowGroup": "header",
    "subcontainer": "updateSlugModalFrame",
    "col": 9,
    "height": 1
  },
  "modalTitle4": {
    "rowGroup": "header",
    "subcontainer": "updatePaymentModalFrame",
    "height": 0.6,
    "width": 9
  },
  "modalTitle5": {
    "rowGroup": "header",
    "subcontainer": "updateSlugModalFrame",
    "height": 0.6,
    "width": 9
  },
  "moovsInstantPayoutLimit": {
    "row": 6.4,
    "col": 5,
    "height": 0.8
  },
  "moovsMatrixTitle": {
    "rowGroup": "header",
    "subcontainer": "matrixHistoryFrame",
    "height": 0.6,
    "width": 9
  },
  "moovsPaymentsLimit": {
    "row": 9.6,
    "col": 5,
    "height": 0.8
  },
  "moovsRiskScore": {
    "row": 5,
    "col": 5,
    "height": 0.8
  },
  "operatorAddress": {
    "row": 5,
    "col": 8,
    "height": 0.6,
    "width": 4
  },
  "operatorBannerImage": {
    "width": 12
  },
  "operatorCompanyImage": {
    "row": 5,
    "width": 5
  },
  "operatorCurrencyCodeText": {
    "row": 20.8,
    "col": 5,
    "height": 0.6
  },
  "operatorLocation": {
    "row": 5.6,
    "col": 8,
    "height": 6,
    "width": 4
  },
  "operatorNameSlugText": {
    "row": 11,
    "col": 5,
    "height": 0.6
  },
  "passwordInput": {
    "container": "createMemberForm",
    "row": 0.2,
    "height": 0.2,
    "width": 12
  },
  "phoneInput": {
    "container": "createMemberForm",
    "row": 3.2,
    "height": 0.2,
    "width": 12
  },
  "postgresEmailActivityTable": {
    "subcontainer": "emailSearchFrame",
    "row": 2,
    "height": 22.4,
    "width": 12
  },
  "removeMemberTitle": {
    "rowGroup": "header",
    "subcontainer": "deleteMemberModalFrame",
    "height": 0.6,
    "width": 9
  },
  "requestPaymentLink": {
    "row": 16.8,
    "col": 5,
    "height": 0.6
  },
  "riskScoreInput": {
    "subcontainer": "updatePaymentModalFrame",
    "row": 0.4,
    "height": 0.2,
    "width": 9
  },
  "searchEmailToButton": {
    "subcontainer": "emailSearchFrame",
    "row": 1,
    "col": 6,
    "height": 1
  },
  "selectPostgresPlan": {
    "subcontainer": "updatePostgresPlanFrame",
    "row": 0.6,
    "height": 0.2,
    "width": 12
  },
  "selectRole": {
    "subcontainer": "updateMemberRoleFrame",
    "height": 0.2,
    "width": 4
  },
  "sendgridAlert": {
    "row": 17.6,
    "col": 8,
    "height": 2.4,
    "width": 4
  },
  "slugTextInput": {
    "subcontainer": "updateSlugModalFrame",
    "row": 0.2,
    "height": 0.2,
    "width": 12
  },
  "smsHistoryDrawerTitle": {
    "rowGroup": "header",
    "subcontainer": "SMSHistoryDrawerFrame",
    "height": 0.6,
    "width": 9
  },
  "smsTable": {
    "subcontainer": "SMSHistoryDrawerFrame",
    "row": 4,
    "height": 21.4,
    "width": 12
  },
  "table3": {
    "subcontainer": "emailActivityFrame",
    "row": 1.4,
    "height": 8.8,
    "width": 12
  },
  "table4": {
    "subcontainer": "matrixHistoryFrame",
    "height": 8,
    "width": 12
  },
  "table5": {
    "subcontainer": "modalFrame4",
    "height": 7.6,
    "width": 12
  },
  "table7": {
    "row": 26,
    "height": 1,
    "width": 12
  },
  "table8": {
    "subcontainer": "invoicesFrame",
    "height": 8.2,
    "width": 12
  },
  "text6": {
    "subcontainer": "updatePostgresPlanFrame",
    "height": 0.6,
    "width": 7
  },
  "text7": {
    "row": 12.6,
    "col": 7,
    "height": 0.6
  },
  "title": {
    "rowGroup": "header",
    "subcontainer": "updatePostgresPlanFrame",
    "height": 0.6,
    "width": 9
  },
  "toSendgridEmailSearch": {
    "subcontainer": "emailActivityFrame",
    "col": 3,
    "height": 0.2,
    "width": 4
  },
  "toTextInputEmail": {
    "subcontainer": "emailSearchFrame",
    "height": 0.2,
    "width": 6
  },
  "toTextLabel": {
    "subcontainer": "emailActivityFrame",
    "height": 0.6
  },
  "tripsTitle": {
    "row": 25.4,
    "height": 0.6
  },
  "updateDailyPaymentsButton": {
    "subcontainer": "updatePaymentModalFrame",
    "row": 3.4,
    "col": 9,
    "height": 1,
    "width": 2
  },
  "updateInstantPayoutButton": {
    "subcontainer": "updatePaymentModalFrame",
    "row": 1,
    "col": 9,
    "height": 1,
    "width": 2
  },
  "updateMemberRole": {
    "row": 23.8,
    "col": 9,
    "height": 0.6,
    "width": 2
  },
  "updateOperatorSlugButton": {
    "rowGroup": "footer",
    "subcontainer": "updateSlugModalFrame",
    "row": 0,
    "col": 7,
    "height": 1,
    "width": 5
  },
  "updateRiskDetails": {
    "row": 16.2,
    "col": 5,
    "height": 0.6,
    "width": 2
  },
  "updateRiskScoreButton": {
    "subcontainer": "updatePaymentModalFrame",
    "row": 5.4,
    "col": 9,
    "height": 1,
    "width": 2
  },
  "updateRole": {
    "subcontainer": "updateMemberRoleFrame",
    "row": 0.4,
    "col": 4,
    "height": 1,
    "width": 2
  },
  "viewEmailLink": {
    "row": 15,
    "col": 5,
    "height": 0.6,
    "width": 2
  },
  "viewMatrixHistoryLink": {
    "row": 19.6,
    "col": 5,
    "height": 0.6,
    "width": 2
  },
  "viewMoovsChatHistoryLink": {
    "row": 14.4,
    "col": 5,
    "height": 0.6,
    "width": 2
  },
  "viewNotificationEmailsLink": {
    "row": 20.2,
    "col": 5,
    "height": 0.6,
    "width": 2
  },
  "viewPaymentsLink": {
    "subcontainer": "drawerRiskOverview",
    "row": 0.4,
    "height": 1,
    "width": 8
  },
  "viewRiskScoreDetails": {
    "row": 5.8,
    "col": 5,
    "height": 0.6,
    "width": 2
  }
}
