{
  "TicketAdditionalAreaInput": {
    "subcontainer": "ticketModalFrame",
    "row": 9.4,
    "height": 1,
    "width": 7,
    "stackPosition": {
      "object": {
        "ordinal": 4,
        "widthType": "fixed",
        "width": 0,
        "height": 0
      }
    }
  },
  "additionalTaskInputText": {
    "subcontainer": "taskModalFrame",
    "row": 0.4,
    "col": 5,
    "height": 0.2,
    "width": 7
  },
  "assigneeSelect": {
    "subcontainer": "taskModalFrame",
    "row": 0.4,
    "height": 0.2,
    "width": 4
  },
  "attachmentUploadTask": {
    "subcontainer": "taskModalFrame",
    "row": 7.6,
    "height": 2.4,
    "width": 4
  },
  "attachmentsSelect": {
    "subcontainer": "ticketModalFrame",
    "row": 12,
    "col": 4,
    "height": 0.2,
    "width": 4
  },
  "buttonGroupTasks": {
    "row": 15.4,
    "col": 1,
    "height": 1,
    "width": 7
  },
  "createTicketButtonGroup": {
    "row": 5.2,
    "col": 1,
    "height": 1
  },
  "memberSelectDropdown": {
    "subcontainer": "ticketModalFrame",
    "row": 0.6,
    "col": 6,
    "height": 0.2,
    "width": 5
  },
  "modalCloseButton11": {
    "rowGroup": "header",
    "subcontainer": "taskModalFrame",
    "col": 9,
    "height": 1
  },
  "modalCloseButton6": {
    "rowGroup": "header",
    "subcontainer": "ticketModalFrame",
    "col": 9,
    "height": 1
  },
  "modalTitle3": {
    "rowGroup": "header",
    "subcontainer": "ticketModalFrame",
    "height": 0.6,
    "width": 9
  },
  "moovsTasksTitle": {
    "row": 14.2,
    "col": 1,
    "height": 0.6
  },
  "moovsTicketsTitle": {
    "row": 4.2,
    "col": 1,
    "height": 0.6,
    "width": 2
  },
  "operatorTicketsTable": {
    "row": 6.2,
    "col": 1,
    "height": 8,
    "width": 8
  },
  "recentTIcketLink": {
    "row": 4.6,
    "col": 3,
    "height": 0.6,
    "width": 2
  },
  "recentTaskLink": {
    "row": 14.8,
    "col": 4,
    "height": 0.6,
    "width": 2
  },
  "selectCategory": {
    "subcontainer": "ticketModalFrame",
    "row": 0,
    "height": 0.6,
    "width": 10,
    "stackPosition": {
      "object": {
        "ordinal": 4,
        "widthType": "fixed",
        "width": 0,
        "height": 0
      }
    }
  },
  "selectContactTicketDropdown": {
    "subcontainer": "ticketModalFrame",
    "row": 1,
    "col": 6,
    "height": 0.2,
    "width": 5
  },
  "selectDriverTicketDropdown": {
    "subcontainer": "ticketModalFrame",
    "row": 0.8,
    "col": 6,
    "height": 0.2,
    "width": 5
  },
  "selectMemberTaskSource": {
    "subcontainer": "taskModalFrame",
    "col": 5,
    "height": 0.2,
    "width": 5
  },
  "selectPriority": {
    "subcontainer": "ticketModalFrame",
    "row": 0.6,
    "height": 0.2,
    "width": 5,
    "stackPosition": {
      "object": {
        "ordinal": 5,
        "widthType": "fixed",
        "width": 0,
        "height": 0
      }
    }
  },
  "selectSourceofTask": {
    "subcontainer": "taskModalFrame",
    "row": 0.2,
    "col": 5,
    "height": 0.2,
    "width": 5
  },
  "selectSubscription": {
    "subcontainer": "taskModalFrame",
    "height": 0.2,
    "width": 5
  },
  "selectTaskAttachment": {
    "subcontainer": "taskModalFrame",
    "row": 7.6,
    "col": 4,
    "height": 0.2,
    "width": 4
  },
  "selectUsersImpacted": {
    "subcontainer": "ticketModalFrame",
    "row": 5,
    "height": 0.2,
    "width": 6,
    "stackPosition": {
      "object": {
        "ordinal": 1,
        "widthType": "fixed",
        "width": 0,
        "height": 0
      }
    }
  },
  "selectWebsiteHelpType": {
    "subcontainer": "taskModalFrame",
    "row": 0.6,
    "height": 0.2,
    "width": 5
  },
  "splitTicketButton": {
    "rowGroup": "footer",
    "subcontainer": "ticketModalFrame",
    "col": 10,
    "height": 1,
    "width": 2
  },
  "subscriptionEndDate": {
    "subcontainer": "taskModalFrame",
    "row": 0.2,
    "height": 0.2,
    "width": 5
  },
  "taskModalTitle": {
    "rowGroup": "header",
    "subcontainer": "taskModalFrame",
    "height": 0.6,
    "width": 9
  },
  "taskSplitButton": {
    "rowGroup": "footer",
    "subcontainer": "taskModalFrame",
    "col": 7,
    "height": 1,
    "width": 5
  },
  "ticketFilesUploadedInput": {
    "subcontainer": "ticketModalFrame",
    "row": 12.2,
    "height": 2.4,
    "width": 4,
    "stackPosition": {
      "object": {
        "ordinal": 4,
        "widthType": "fixed",
        "width": 0,
        "height": 0
      }
    }
  }
}
