{
  "cantFinderOperatorLink": {
    "row": 4.2,
    "col": 5,
    "height": 0.6,
    "width": 2
  },
  "inactiveAccountsTable": {
    "row": 28.4,
    "height": 12.2,
    "width": 12
  },
  "modalCloseButton10": {
    "rowGroup": "header",
    "subcontainer": "postgresOperatorsFrame",
    "col": 9,
    "height": 1
  },
  "modalTitle6": {
    "rowGroup": "header",
    "subcontainer": "postgresOperatorsFrame",
    "height": 0.6,
    "width": 9
  },
  "operatorOrderNumberTable": {
    "row": 16.8,
    "height": 7.8,
    "width": 12
  },
  "operatorSearchInput": {
    "row": 1.8,
    "height": 0.2,
    "width": 5
  },
  "operatorsWithFailedInvoicesTable": {
    "row": 49.8,
    "height": 13.8,
    "width": 12
  },
  "orderOperatorSearchInput": {
    "row": 16.6,
    "height": 0.2,
    "width": 5
  },
  "postgresOperatorsTable": {
    "subcontainer": "postgresOperatorsFrame",
    "height": 7.2,
    "width": 12
  },
  "searchAccountResultsTable": {
    "row": 7.8,
    "height": 8.8,
    "width": 12
  },
  "table6": {
    "row": 67.6,
    "height": 11.4,
    "width": 12
  },
  "topAccountsOverviewTable": {
    "row": 40.6,
    "height": 8,
    "width": 12
  },
  "viewPostgresOperatorsLink": {
    "row": 4.8,
    "col": 5,
    "height": 0.6,
    "width": 2
  }
}
