{
  "averageRiskScore": {
    "row": 14.6,
    "col": 3,
    "height": 0.8
  },
  "connectedAccountBalance": {
    "row": 0.8,
    "height": 0.8
  },
  "connectedAccountCharges": {
    "row": 19.4,
    "height": 16.6,
    "width": 12
  },
  "copyEmailLink": {
    "subcontainer": "userIdforChargeModalFrame",
    "height": 0.6,
    "width": 6
  },
  "customerChargesTable": {
    "subcontainer": "customerFrame",
    "row": 10.4,
    "height": 9.8,
    "width": 12
  },
  "disputesModalTitle": {
    "rowGroup": "header",
    "subcontainer": "modalFrame5",
    "height": 0.6,
    "width": 9
  },
  "disputesTable": {
    "subcontainer": "modalFrame5",
    "height": 25.6,
    "width": 12
  },
  "drawerCloseButton2": {
    "rowGroup": "header",
    "subcontainer": "customerFrame",
    "col": 9,
    "height": 1
  },
  "drawerTitle2": {
    "rowGroup": "header",
    "subcontainer": "customerFrame",
    "height": 0.6,
    "width": 9
  },
  "html6": {
    "subcontainer": "customerFrame",
    "row": 2.2,
    "height": 0.2,
    "width": 12
  },
  "html7": {
    "subcontainer": "userIdforChargeModalFrame",
    "row": 0.8,
    "height": 0.2,
    "width": 12
  },
  "messagesTable": {
    "subcontainer": "smsModalFrame",
    "row": 0.2,
    "height": 8,
    "width": 12
  },
  "modalCloseButton15": {
    "rowGroup": "header",
    "subcontainer": "modalFrame5",
    "col": 9,
    "height": 1
  },
  "modalCloseButton3": {
    "rowGroup": "header",
    "subcontainer": "smsModalFrame",
    "row": 0.6,
    "col": 9,
    "height": 1
  },
  "modalCloseButton4": {
    "rowGroup": "header",
    "subcontainer": "modalFrame3",
    "col": 9,
    "height": 1
  },
  "modalCloseButton5": {
    "rowGroup": "header",
    "subcontainer": "userIdforChargeModalFrame",
    "col": 9,
    "height": 1
  },
  "modalTitle1": {
    "rowGroup": "header",
    "subcontainer": "modalFrame3",
    "height": 0.6,
    "width": 9
  },
  "modalTitle2": {
    "rowGroup": "header",
    "subcontainer": "userIdforChargeModalFrame",
    "height": 0.6,
    "width": 9
  },
  "monthlyTotalChargesbyLast3": {
    "row": 3,
    "height": 9.2,
    "width": 12
  },
  "moovsReservationData": {
    "subcontainer": "customerFrame",
    "row": 21.6,
    "height": 8,
    "width": 11
  },
  "openStripeConnectedAccountLink": {
    "row": 2,
    "col": 3,
    "height": 0.6,
    "width": 2
  },
  "selectCustomer": {
    "subcontainer": "customerFrame",
    "row": 0.2,
    "height": 0.2,
    "width": 12
  },
  "smsMessagesModal": {
    "rowGroup": "header",
    "subcontainer": "smsModalFrame",
    "height": 0.6,
    "width": 10
  },
  "table1": {
    "subcontainer": "modalFrame3",
    "height": 8,
    "width": 12
  },
  "textsOvervew": {
    "subcontainer": "smsModalFrame",
    "height": 0.2,
    "width": 12
  },
  "totalAmountFiltered": {
    "row": 14.6,
    "height": 0.8
  },
  "totalCardsCharged": {
    "row": 14.6,
    "col": 9,
    "height": 0.8
  },
  "totalCustomersCharged": {
    "row": 14.6,
    "col": 6,
    "height": 0.8
  },
  "viewDisputesLink": {
    "row": 2.4,
    "col": 7,
    "height": 0.6,
    "width": 2
  },
  "viewEmailsLink": {
    "subcontainer": "customerFrame",
    "row": 3,
    "height": 0.6
  },
  "viewTextLink": {
    "subcontainer": "customerFrame",
    "row": 2.4,
    "height": 0.6
  },
  "viewUniqueCards": {
    "row": 15.4,
    "col": 9,
    "height": 0.6,
    "width": 2
  },
  "viewUniqueCustomers": {
    "row": 15.4,
    "col": 6,
    "height": 0.6,
    "width": 2
  }
}
