{
  "button2": {
    "row": 7,
    "height": 1,
    "width": 2
  },
  "copyTextLink": {
    "row": 8.2,
    "height": 0.6,
    "width": 2
  },
  "discoveryCallTranscriptSystemMessage": {
    "row": 2.8,
    "col": 6,
    "height": 1,
    "width": 5
  },
  "generateAISummary": {
    "row": 3.8,
    "height": 1,
    "width": 2
  },
  "inputTextAreaTranscript": {
    "row": 2.8,
    "height": 1,
    "width": 6
  },
  "selectCallSummary": {
    "row": 3.8,
    "col": 2,
    "height": 0.2,
    "width": 4
  },
  "textCallSummary": {
    "row": 8.8,
    "height": 0.6,
    "width": 10
  }
}
