{
  "InvalidTitle2": {
    "row": 39.2,
    "height": 0.6
  },
  "blockResultTitle": {
    "row": 5.8,
    "col": 4,
    "height": 0.6,
    "width": 4
  },
  "blocksListTable": {
    "row": 39.8,
    "col": 7,
    "height": 10.6,
    "width": 5
  },
  "blocksTitle": {
    "row": 39.2,
    "col": 7,
    "height": 0.6
  },
  "bounceResult": {
    "row": 6,
    "height": 8,
    "width": 4
  },
  "bounceTitle2": {
    "row": 22.6,
    "height": 0.6
  },
  "debounceButton": {
    "row": 2.8,
    "col": 4,
    "height": 1,
    "width": 2
  },
  "invalidEmailAddressTable": {
    "row": 39.8,
    "height": 10.8,
    "width": 7
  },
  "invalidEmailTitle": {
    "row": 6.4,
    "col": 4,
    "height": 0.6,
    "width": 4
  },
  "removeBlockButton": {
    "row": 3.8,
    "col": 4,
    "height": 1,
    "width": 2
  },
  "searchEmailInput": {
    "row": 2.2,
    "height": 0.2,
    "width": 4
  },
  "sendgridEmailBounceList": {
    "row": 23.2,
    "height": 16,
    "width": 12
  },
  "sendgridReportsTitle": {
    "row": 22,
    "height": 0.6
  },
  "spamReportsTable": {
    "row": 50.6,
    "height": 9.4,
    "width": 11
  }
}
