{
  "toolscriptVersion": "1.0.0",
  "version": "43.0.9",
  "pageUuid": "b9c1819a-9965-11ef-8c3d-430edc5e2f9b",
  "appTemplate": {
    "pageCodeFolders": {
      "object": {
        "page2": {
          "array": []
        },
        "home": {
          "array": []
        },
        "accountOverview": {
          "array": []
        },
        "accountOverviewQuotes": {
          "array": []
        },
        "accountOverviewReservations": {
          "array": []
        },
        "accountOverviewContacts": {
          "array": []
        },
        "accountOverviewDrivers": {
          "array": []
        },
        "moovsPayments": {
          "array": []
        },
        "moovsConnectedAccountPayments": {
          "array": []
        },
        "moovsMarketingServicesPage": {
          "array": []
        },
        "accountOverviewIssues": {
          "array": []
        },
        "accountOverviewTickets": {
          "array": []
        },
        "accountOverviewVehicles": {
          "array": []
        },
        "accountOverviewFeatures": {
          "array": []
        },
        "salesTools": {
          "array": []
        },
        "accountOverviewBankAccountInfo": {
          "array": []
        },
        "sendgridEmailOverview": {
          "array": []
        },
        "customerFeedback": {
          "array": []
        }
      }
    },
    "rootScreen": "home",
    "isFetching": true,
    "version": "3.327.0"
  }
}
